Id,Label
2298,Abbias
2299,Abbott
2300,Abbott
2301,Abbott
2302,Abbott
2303,Abdy
2304,Abell 
2305,Abercorn
2306,Abercrombie
2307,Aberdein
2308,Abinger
2309,Abraham
2310,Abramham
2311,Acland
2312,Acton
2313,Acton
2314,Acworth
2315,Adair
2316,Adair
2317,Adam 
2318,Adam 
2320,Adam 
2321,Adam 
2323,Adam 
2324,Adam 
2325,Adams
2326,Adams
2327,Adams
2329,Adamson
2330,Agar
2331,Agar
2332,Agelasto
2333,Agnew 
2334,Agnew 
2335,Agnew 
2336,Ailesbury
2337,Ainscough 
2338,Ainslie
2339,Aird
2341,Aitchison 
2342,Aitken
2343,Aitken
2344,Aitken
2345,Aitken
2346,Aitken 
2347,Aked
2348,Akers
2350,Albright
2351,Alcock
2353,Alderson
2354,Alsred
2355,Alexander
2356,Alexander
2357,Alexander
2358,Alexander
2359,Alexander 
2360,Alexander 
2361,Alexander 
2362,Alexander 
2363,Alexander 
2364,Alington
2365,Alison
2366,Allan
2367,Allan
2368,Allan 
2369,Allan 
2370,Allcock
2371,Allen 
2372,Allen
2373,Allen
2374,Allen
2375,Allen 
2376,Allen 
2377,Alleyne 
2378,Allhusen
2379,Allhusen
2380,Allison
2381,Allison
2382,Allport
2383,Allport
2384,Allt
2385,Alston 
2386,Alt 
2388,Ambler
2389,Ambler
2391,Amos 
2392,Anderson
2393,Anderson
2394,Anderson
2395,Anderson
2396,Anderson
2397,Anderson
2398,Anderson
2399,Anderson
2400,Anderson
2401,Anderson
2402,Anderson
2403,Anderson
2404,Anderson
2405,Andrew
2406,Andrews
2407,Andrews
2408,Andrews
2409,Andrews
2410,Anning
2411,Antoniadis
2412,Apcar
2413,Applegarth
2414,Appleyard
2415,Arbuthnot
2416,Arbuthnot
2417,Arbuthnot
2418,Archer
2419,Archer
2420,Archibald
2421,Arckoll
2422,Arden 
2423,Arden 
2424,Arkwright 
2425,Armitage 
2426,Armitage 
2427,Armitage 
2428,Armitage 
2429,Armstrong
2430,Armstrong
2431,Armstrong
2432,Armytage
2433,Arnold
2434,Arnold
2435,Arnott
2436,Arnott 
2437,Arrol 
2438,Arthur 
2439,Artis
2440,Arton 
2441,Asher 
2442,Ashhurst 
2443,Ashley
2444,Ashley
2446,Ashton 
2447,Ashworth 
2448,Ashworth 
2449,Ashworth 
2450,Ashworth 
2451,Ashworth 
2452,Astell
2453,Aston
2454,Astrop
2455,Atherley
2456,Athole 
2457,Atkin 
2458,Atkins 
2459,Atkinson 
2460,Atkinson 
2461,Atkinson 
2462,Atkinson 
2463,Atkinson 
2464,Atwool 
2465,Auckland 
2466,Austin 
2467,Avery 
2468,Avins
2469,Aykroyd
2470,Aylemer
2471,Aynsley
2472,Ayton 
2473,Babbage
2474,Babcock
2475,Backhouse
2476,Backler
2477,Bacon
2478,Badcock 
2479,Baddeley 
2480,Baddeley 
2481,Baggallay 
2482,Baggallay 
2483,Bagge
2484,Bangnall
2485,Bagort 
2486,Bailey
2487,Bailey
2488,Bailey 
2489,Bailey
2490,Baily 
2491,Bain
2492,Bainbridge
2493,Baines
2494,Baird 
2496,Baker 
2497,Baker 
2498,Baker 
2499,Baker 
2500,Balch
2501,Bald
2502,Baldwin
2503,Balfour
2504,Balfour 
2505,Balfour 
2506,Balour 
2507,Ball 
2508,Balllance
2509,Balloch
2510,Bamford
2511,Banury
2512,Banersoft
2513,Bankart 
2514,Bankes
2515,Bankes
2516,Banks
2517,Bannatyne
2518,Banner
2519,Bannerman
2520,Bannerman
2521,Bannister
2522,Bannon 
2523,Barber
2524,Barber
2525,Barber
2526,Barber
2527,Barbour
2528,Barbour
2529,Barbour
2530,Barclasy
2531,Barclay
2532,Barclay
2533,Barclay
2534,Barclay
2535,Barclay
2536,Barclay
2537,Barcroft
2538,Bardwell 
2539,Barff
2540,Baring
2541,Baring
2542,Baring
2543,Barker 
2544,Barker 
2545,Barker 
2546,Barker 
2547,Barker 
2548,Barker 
2549,Barker 
2550,Barkley
2551,Barkly
2552,Barkwroth
2553,Barlow
2554,Barlow
2555,Barlow 
2556,Barlow 
2557,Barlow
2558,Barlow
2559,Barlow
2560,Barnard
2561,Barnes
2562,Barnes
2563,Barnes
2564,Barnes 
2565,Barnet
2566,Barnett
2567,Barr
2568,Barr
2569,Barras
2570,Barett 
2571,Barrett
2572,Barrett
2573,Barrett
2574,Barron 
2575,Barron 
2576,Barrow 
2577,Barrow 
2578,Barrows
2579,Barry
2580,Barry 
2581,Barsdorf
2582,Barthlomew
2583,Bartlett
2584,Bartlett 
2585,Barton 
2586,Bartram 
2587,Bartrum
2588,Baschwitz
2589,Basden 
2590,Bashford 
2591,Bass 
2592,Basset 
2593,Bassett 
2594,Bassett
2595,Bateman
2596,Bateman 
2597,Bateman 
2598,Bates
2599,Bateson 
2600,Bath
2601,Bathe
2602,Bathe
2603,Bathrust 
2604,Bathrust 
2605,Batt 
2606,Battcock 
2607,Batten 
2608,Batten 
2609,Batters
2610,Battle 
2611,Baxendale
2612,Baxter 
2613,Baxter
2614,Bayley 
2615,Bayley 
2616,Bayley 
2617,Bayley 
2618,Bayley 
2619,Baylis 
2620,Bayliss
2621,Baynes
2622,Baynes 
2623,Bazley
2624,Beach
2625,Beadle
2626,Beadon
2627,Beale
2628,Beale
2629,Bear
2630,Beard
2631,Beater
2632,Beattie 
2633,Beattie 
2634,Beattie 
2635,Beattie 
2636,Beattie 
2637,Beaumont 
2638,Beaumont 
2639,Beaumont 
2640,Beaumont 
2641,Beaumont 
2642,Beausire
2643,Beazley 
2644,Beack
2645,Beack
2646,Beack
2647,Beack
2648,Beckwith
2649,Bedford 
2650,Beer 
2651,Beevor 
2652,Beilby 
2653,Beith
2654,Belcher 
2655,Belcher 
2656,Bell 
2657,Bell 
2658,Bell 
2659,Bell 
2660,Bell 
2661,Bell 
2662,Bellamy
2663,Belton 
2664,Benecke 
2665,Bengough 
2666,Benjamin
2667,Bennett 
2668,Bennett 
2669,Bennett 
2670,Bennoch Mr. Francis Bennoch 
2671,Benson 
2672,Benson 
2673,Bent 
2674,Bentinck
2675,Benyon 
2676,Bere 
2677,Berens 
2678,Beresford
2679,Beresford
2680,Bergtheil
2681,Bernard
2682,Berners
2683,Berrill
2684,Berry 
2685,Berthound 
2686,Basley
2687,Best 
2688,Best 
2689,Bethune
2690,Betty
2691,Bevan 
2692,Bevan 
2693,Bevan 
2694,Bevan 
2695,Bevir 
2696,Beynon 
2697,Bibby
2698,Bibby
2699,Bickerstaff
2700,Bickersteth
2701,Bidder
2702,Biddulph 
2703,Biddulph 
2704,Bigg
2705,Biggs 
2706,Bignold
2707,Bilton
2708,Bingham 
2709,Bingham 
2710,Bingham 
2711,Bingham 
2712,Bingley
2713,Birch
2714,Birch
2715,Birch
2716,Bircham 
2717,Bird 
2718,Birkbeck
2719,Birkin
2720,Birkin
2721,Birley 
2722,Birley 
2723,Birley 
2724,Birley 
2725,Birley 
2726,Birley 
2727,Birley 
2728,Birley 
2729,Birtwisetle 
2730,Bischoff 
2731,Bischoffshiem
2732,Bishop
2734,Bishop
2735,Bishop
2736,Bissell 
2737,Bissell
2738,Black
2739,Black
2740,Black
2741,Blackburn
2742,Blackwood
2743,Blaine
2744,Blair
2745,Blair
2746,Blair-Olipahant 
2747,Blake 
2748,Blake  
2749,Blake 
2750,Blake-Humfrey
2751,Blackemore
2752,Blakey 
2753,Blakey 
2754,Bland
2755,Bland 
2756,Bland-Garland
2757,Bleckly
2758,Blennerhassett
2759,Blessing 
2760,Blinkhorn 
2761,Blood 
2762,Bloomer 
2763,Bloor
2764,Blount 
2765,Blount 
2766,Bloxam
2767,Blundell
2768,Blyth 
2769,Boddington
2770,Boden 
2771,Bodkin
2772,Boileau 
2773,Bolt
2774,Boltan
2775,Boltan
2776,Boltan
2777,Boltan
2778,Bond 
2779,Bond 
2780,Bond 
2781,Bond 
2782,Boham-Carter
2783,Bonser
2784,Bontems
2785,Booker 
2786,Boote
2787,Boothroyd 
2788,Boothroyd 
2789,Borough
2790,Barrow 
2791,Borthwick
2792,Borthwick
2793,Bosanquet
2794,Bosanquet
2795,Bott
2796,Bott
2797,Bottomley
2798,Bottomley
2799,Bouch
2800,Bouch
2801,Boughton 
2802,Boughton-Knight 
2803,Boult
2804,Bourke
2805,Bourne
2806,Bourne 
2807,Bousfiled 
2808,Boutcher
2809,Bouverie
2810,Bouverie
2811,Bovill
2812,Bovill
2813,Bowden
2814,Bowe 
2815,Bowen
2816,Boer 
2817,Bower
2818,Bowers
2819,Bowes
2820,Bowey 
2821,Bowie
2822,Bowies
2823,Bowly
2824,Bowman 
2825,Bowman 
2826,Bowman 
2827,Bowring
2828,Bower 
2829,Boyd 
2830,Boykett
2831,Boyle
2832,Boyaon
2833,Brabasson 
2834,Braby
2835,Braby
2836,Barackenburry
2837,Barddon
2838,Bradley
2839,Bradley
2840,Bradley
2841,Bardshaw
2842,Bardy
2843,Bardy
2844,Bardy
2845,Barandion
2846,Bragg
2847,Bragge
2848,Bramley-Moore 
2849,Bramwell
2850,Brand
2851,Brand
2852,Brandon
2853,Barandt
2854,Barniff
2855,Brassey
2856,Brassey 
2857,Bravo
2858,Bray 
2859,Brayshaw
2860,Breadalbane
2861,Breen 
2862,Breese
2863,Breffit
2864,Breslin
2865,Bretherton
2866,Brett
2867,Brewer 
2868,Brewster 
2869,Brickwell
2870,Bridgman 
2871,Brierly
2872,Brierly
2873,Brierly
2874,Brigg
2875,Briggs
2876,Briggs 
2877,Briggs 
2878,Briggs
2879,Briggs
2880,Bright
2882,Briscoe
2883,Bristowe
2884,Bristowe
2885,Brisowe
2886,Britten
2887,Broad 
2888,Broadbent
2889,Broadbent
2890,Broadley
2891,Brochener
2892,Brockettt
2893,Brooklebank 
2894,Brocklebank
2895,Brocklehurst
2896,Brocklehurst
2897,Brodie 
2898,Brodrick 
2899,Brogdea
2901,Brogden
2902,Brook
2903,Brooke
2904,Brooke
2905,Brooke
2906,Brooke
2907,Brookes
2908,Brookers
2909,Brooks
2910,Brooks
2911,Brooks
2912,Brooks
2913,Brooks
2914,Brooks
2915,Broome 
2916,Broomhall
2917,Broomhead
2918,Brothers 
2919,Brough
2920,Broughton 
2921,Broughton 
2922,Broughton 
2923,Brown
2924,Brown
2925,Brown
2926,Brown
2927,Brown
2928,Brown
2929,Brown 
2930,Brown 
2931,Brown 
2932,Brown 
2933,Brown 
2934,Brown 
2935,Brown 
2936,Brown 
2937,Brown 
2938,Brown 
2939,Brown 
2940,Brown 
2941,Brown 
2942,Brown 
2943,Brown 
2944,Brown 
2945,Brown 
2946,Brown 
2947,Brown-Westhead
2948,Brown-Westhead
2949,Browen
2950,Browen
2951,Browne 
2952,Browne 
2953,Browne 
2954,Browne
2955,Browne
2957,Browning
2958,Browning 
2959,Browningg
2960,Browningg
2961,Bruce 
2962,Bruce 
2963,Bruce 
2964,Bryson
2965,Buccleuch and Queensberry
2966,Buchanan
2967,Buchanan
2968,Buchanan
2969,Buchanan
2970,Bukely
2971,Buckley
2972,Buckley
2973,Buckley
2974,Buckley
2975,Buckley
2976,Buckely
2977,Buckton
2978,Buckton 
2979,Budd
2980,Bulkeley
2981,Bull 
2982,Bull 
2983,Bull 
2984,Bullian Smith
2985,Buller 
2986,Bulloch
2987,Bullock
2988,Bullock 
2989,Bullock 
2990,Bullock
2991,Bulemer
2992,Bulepett 
2993,Bulsteel
2994,Bulwer
2995,Bunnell
2996,Burbidge
2997,Burchell 
2998,Burdekin
2999,Burgoyne
3000,Burke
3001,Burke
3002,Burke
3003,Burke
3004,Burke
3005,Burkill
3006,Burkingyoung
3007,Burkingyoung
3008,Burkitt
3009,Burkitt
3010,Burn 
3011,Burn 
3012,Burn-Blyth
3013,Burnand
3014,Burnand
3015,Burne 
3016,Burnett
3017,Burnett
3018,Burnett
3019,Burnie
3020,Burns
3021,Burns
3022,Burns
3023,Burs-Lindow
3024,Burnup
3025,Burr
3026,Burrell
3027,Burrell
3028,Burridge
3029,Burroughes
3030,Burroughes
3031,Burrows
3032,Burrows
3033,Burt
3034,Borton 
3035,Burton
3036,Bury
3037,Busby 
3038,Busby
3039,Bush 
3040,Bush 
3041,Bushby
3042,Bushe-Fox
3043,Bushell
3044,Bushell
3045,Busk
3046,Busk
3047,Butler
3048,Butler
3049,Butler
3050,Butler
3051,Butler
3052,Buxton
3053,Byang
3054,Cable
3055,Cadell
3056,Caffin
3057,Cairnes
3058,Carid
3059,Caithness
3060,Caldwell
3061,Caldwell
3062,Calvocoressi
3063,Cameron
3064,Campbell
3065,Campbell
3066,Campbell
3067,Campbell
3068,Campbell
3069,Campbell
3070,Campbell
3071,Campbell
3072,Campbell
3073,Campbell
3074,Campbell
3075,Campbell
3076,Campbell 
3077,Campbell 
3078,Campbell 
3079,Campbell 
3080,Campbell 
3081,Campbell 
3082,Campbell 
3083,Campbell-Davys
3084,Campbell-Walher
3085,Campion
3086,Camps. 
3087,Cane
3088,Cann
3089,Cannan 
3090,Capel
3091,Capel
3092,Capel
3093,Capper 
3094,Carden 
3095,Cardew 
3096,Carew
3097,Cargill 
3098,Carlisale 
3099,Carlyon
3100,Carlyon
3101,Carmichael
3102,Carne 
3103,Carnelley
3104,Carnwaht
3105,Carpenter
3106,Carr 
3107,Carr 
3108,Carroll 
3109,Carruthers
3110,Carson
3111,Catte
3112,Carter
3113,Carter
3114,Carter
3116,Cartland
3117,Cartwright 
3118,Cartwright 
3119,Cartwright 
3120,Carver 
3121,Carver 
3122,Casseles
3123,Castellain
3124,Castle
3125,Castle
3126,Castle
3127,Castle
3128,Cater
3129,Cater
3130,Cather 
3131,Cating 
3132,Cattely
3133,Cattely
3134,Cave 
3135,Cave 
3136,Cavendish
3137,Cavendish
3138,Cawkwell 
3139,Cawston 
3140,Cay 
3141,Cayley
3142,Cayley
3143,Cecil
3144,Chadwick 
3145,Chadwick 
3146,Chadwick 
3147,Challis
3148,Chalmers 
3149,Chalmers
3150,Chamberlain 
3151,Chamberlain 
3152,Chmbers
3153,Chmbers
3154,Chambers 
3155,Chambers 
3156,Chambers
3157,Champney
3158,Chandler
3159,Chaplin 
3160,Chaplin 
3161,Chaplin 
3162,Chaplin 
3163,Chaplin 
3164,Chapman
3165,Chapman
3166,Chapman
3167,Chapman
3168,Chapman
3169,Chapman
3170,Chapman
3171,Chapman
3172,Chapman
3173,Chapman
3174,Chapman
3175,Chapman
3176,Chapman
3177,Chapman
3178,Chappell
3179,Charles
3180,Chrles
3181,Charleton
3182,Charleton 
3183,Charley
3184,Charrington 
3185,Charrington 
3186,Charsley
3187,Charsley 
3188,Chaatteries 
3189,Chaatteries 
3190,Chaytor
3191,Chaytor
3192,Chaytor 
3193,Checkley
3194,Cheswright 
3195,Chick
3196,Chifferial
3197,Chileott 
3198,Child
3199,Child
3200,Childers
3201,Childs
3202,Chilton 
3203,Chilton 
3204,Cholmondeley
3205,Choremi
3206,Christian 
3207,Christie
3208,Christele
3209,Christy
3210,Chubb
3211,Chubb
3212,Church
3213,Churchill 
3214,Churchill 
3215,Churchill 
3216,Churchill 
3217,Churchill 
3218,Chute 
3219,Chynoweth
3220,Clabburn
3221,Clabon
3222,Clapham
3223,Clapperton
3224,Clark 
3225,Clark 
3226,Clark 
3227,Clark 
3228,Clark 
3229,Clark 
3230,Clarrk
3231,Clarrk
3232,Clarrk
3233,Clarrk
3234,Clarrk
3235,Clark 
3236,Clark 
3237,Clark 
3238,Clarke
3239,Clarke
3240,Clarke
3241,Clarke
3242,Clarke
3243,Clarke
3245,Clarke
3246,Clarke 
3247,Clarke 
3248,Clarke 
3249,Clarke 
3250,Clarke 
3251,Clarke 
3252,Clavel 
3253,Clay
3254,Clay
3255,Claye
3256,Clayton
3257,Clayton
3258,Cleasby 
3259,Cleghorn 
3260,Clegram
3261,Clements 
3262,Clerihew 
3263,Clerihew 
3264,Clerk
3265,Clerk 
3266,Cliff
3267,Clifford
3268,Clifton
3269,Clive
3270,Clive
3271,Clode
3272,Closte
3273,Close 
3274,Close
3275,Close 
3276,Clover 
3277,Clucas 
3278,Clutton
3279,Clutton
3280,Coasts
3281,Cobb
3282,Cobbett
3283,Cobbold 
3284,Cochrane
3285,Cochrane 
3286,Cochrane
3287,Cochrane 
3288,Cochrane 
3289,Cockbain 
3290,Cockburn
3291,Cockburn
3292,Cocker
3293,Cockram 
3294,Coghill 
3295,Cohen 
3296,Cohen
3297,Cole
3298,Cole
3299,Cole
3300,Cole
3301,Cole
3302,Coleman
3303,Coleman
3304,Coles 
3305,Coles 
3306,Coles 
3307,Collet 
3308,Colley 
3309,Colley 
3310,Colley 
3311,Colley 
3312,Collie
3313,Collier
3314,Collonge 
3315,Colins 
3316,Colins 
3317,Colins 
3318,Collins 
3319,Collmann
3320,Collum 
3321,Colman
3322,Colquhoun 
3323,Colthurst
3324,Colver
3325,Colivile
3326,Colvill
3327,Colville
3328,Colvin 
3329,Comber 
3330,Compfort
3331,Commnans
3332,Commerell
3333,Conrra
3334,Congrave
3335,Connick
3336,Connor
3337,Connorrton
3338,Constable
3339,Conybeare
3340,Conyers
3341,Cook
3342,Cook
3343,Cook
3344,Cook
3345,Cooke
3346,Cooke
3347,Cooke
3349,Cooke
3350,Cooke
3351,Cokesy
3352,Coop
3353,Copper
3354,Copper
3355,Cope 
3356,Copeman
3357,Copland 
3358,Copland 
3359,Copland 
3360,Corbally
3361,Corbett 
3362,Corbett 
3363,Cordery
3364,Corfield 
3365,Corfield 
3366,Cork
3367,Corlett 
3368,Corner
3369,Cornilion 
3370,Corrie
3371,Corrie
3372,Corserr
3373,Cory
3374,Cosens
3375,Cossart 
3376,Costeker
3377,Cottan 
3378,Cottan 
3379,Cottan 
3380,Cottan 
3381,Couchamn
3382,Coulman 
3383,Coulsan
3384,Coulson 
3385,Couper 
3386,Couper 
3387,Couper 
3388,Coupland
3389,Coupland
3390,Courtenay
3391,Cousin
3392,Cousins
3393,Cousins
3394,Coventury 
3395,Coventury 
3396,Coverdale
3397,Cowan
3398,Cowan
3399,Cowna 
3400,Cowna 
3401,Cown
3402,Coward
3403,Cowei 
3404,Cowlishaw 
3405,Copwer
3406,Cox
3407,Cox
3408,Cox
3409,Cox
3410,Cox
3411,Cox
3412,Cox 
3413,Coxhead 
3414,Crabbe
3415,Crabbie
3416,Crabtree
3417,Crabtree
3418,Craig
3419,Crake 
3420,Cramond
3421,Crane 
3422,Cranstoun
3423,Craufurd
3424,Crawford
3425,Crawford
3426,Crawford
3427,Crawley
3428,Crawshay
3429,Crawshay
3430,Creedon 
3431,Crelin 
3432,Crew 
3433,Creye
3434,Crips
3435,Croll
3436,Crombe 
3437,Crompton
3438,Crompton
3439,Cronk 
3440,Crookes
3441,Crookes
3442,Crookes 
3443,Cropper
3444,Crosfield
3445,Crosfield
3446,Crosland 
3447,Crosley
3448,Cross
3449,Cross 
3450,Crosse
3451,Crosskill
3452,Crosseley
3453,Crosseley
3454,Crosseley
3455,Crossman 
3456,Crosthwaite
3457,Crow
3458,Cruddas
3459,Cruickhank
3460,Crum
3461,Cubitt
3462,Cuddon 
3463,Cudlip
3464,Cuevas
3465,Cullen 
3466,Culley
3467,Cumberland
3468,Cummins 
3469,Cuningham
3470,Cunliffe
3471,Cunliffe
3472,Cunningham
3473,Cunningham
3474,Cunningham
3475,Curling 
3476,Curling 
3477,Currey
3478,Currey
3479,Currie
3480,Currie
3481,Currie
3482,Currire
3483,Currire
3484,Curror 
3485,Curteis
3486,Curits
3487,Curits
3488,Curits
3489,Curtis 
3490,Curtis 
3491,Curits
3492,Curits 
3493,Curwen 
3494,Curzon 
3495,Cusack 
3496,Cust
3497,Cutbill
3498,Cuthbert
3499,Cuthbert
3500,Cutler 
3501,Da Costa
3502,Daglish 
3503,Dain
3504,Dakin 
3505,Dale 
3506,Dale 
3507,Dale
3508,Dale 
3509,Dale 
3510,Dale 
3511,Dalgety
3512,Dagleish
3514,Daglish 
3515,Dadketish 
3516,Dallas
3517,Dalrymple
3518,Darlymple
3519,Darlymple
3520,Dalton
3521,Dalton
3522,Daly
3523,Danby
3524,Daniel
3525,Daniel
3526,Daniell 
3527,Daniell 
3528,Danks
3529,Danvers
3530,Darbishire 
3531,Darby-Griffith 
3532,Darbyshire
3533,Darcey
3534,Darley
3535,Darlington
3536,Dart
3537,Darcall
3538,Dashwood
3539,Daubus 
3540,Dauglish
3541,Daukes
3542,Davey
3543,Davidson 
3544,Davidson
3545,Davidson
3546,Davidson
3547,Davidson
3548,Davidson 
3549,Davidson 
3550,Davidson 
3551,Davidson 
3552,Davidson 
3553,Davies
3554,Davies
3555,Davies
3556,Davies
3557,Davies
3558,Davies
3559,Davies
3560,Davies
3561,Davis
3562,Davis 
3563,Davis 
3564,Davis 
3565,Davision 
3566,Davison 
3567,Davison 
3568,Davoren
3569,Davy
3570,Daw
3572,Dawson
3573,Dawson
3574,Dawson 
3575,Day
3576,Deacon 
3577,Decon
3578,Deal 
3579,Dean 
3580,Deane 
3581,Deane 
3582,Dear
3583,Deas
3584,Dease
3585,Deedes
3586,Deeley
3587,Dees
3589,Delahunty
3590,Delamere
3591,Delany
3592,Delap
3593,Delemar
3594,Denbigh
3595,Denby
3596,Dension 
3597,Dension 
3598,Dension 
3599,Denamn
3600,Dennis 
3601,Denniston
3602,Denny
3603,Denny
3604,Dent
3605,Dent 
3606,Dent 
3607,Denton
3608,Denton
3609,Detmold
3610,Devas
3611,Devas
3612,Devas
3613,Devlin
3614,Devon
3615,Devonshire
3617,Dewhurst
3618,Deykin
3619,Dibb
3620,Dibb
3621,Dick
3622,Dickinson
3623,Dickinson
3624,Dicknson
3625,Dicknson
3626,Dickson
3627,Dickson
3628,Dickson
3629,Digby
3630,Diggle 
3631,Diggles
3632,Diggles
3633,Dillwyn 
3634,Dimound
3635,Dimsdle 
3636,Dimsdale
3637,Dingle
3638,Dixon
3639,Dixon 
3640,Dixon 
3641,Dixon
3642,Dixon 
3643,Dixon
3644,Dixon
3645,Dobbyn
3646,Dobree
3647,Dobree
3648,Dobree
3649,Dobson
3650,Docker 
3651,Dodd 
3652,Dodde
3653,Dods
3654,Dodson
3655,Dodsworth
3656,Dodsworht 
3657,Doe 
3658,Doetsch
3659,Dolan
3660,Dolman 
3661,Donald 
3662,Donald
3663,Donaldon 
3664,Dorman 
3665,Douglall 
3666,Doughty
3667,Douglas
3668,Douglas
3669,Douglas
3670,Douglas
3671,Douglas
3672,Dove 
3673,Dowie
3674,Downie
3675,Dowding 
3676,Downning
3677,Downning
3678,Doxat
3679,Doyle 
3680,Drabble 
3681,Drabble 
3683,Drake
3684,Drake
3685,Draper
3686,Drew
3687,Drew
3688,Drew
3689,Drimmie
3690,Driver 
3691,Droop
3692,Druse
3693,Druce
3694,Druce
3695,Drummond
3696,Drummond
3697,Drummond
3698,Drummond
3699,Drury 
3700,Du Croz
3701,Duckworth 
3702,Duckworth 
3703,Duckworth 
3704,Dudley
3705,Duesbery
3706,Duff 
3707,Dufferin
3708,Dugdale
3709,Dugdale
3710,Dugdale
3711,Duggan
3712,Dumbell
3713,Dunbar
3714,Duncan
3715,Duncan
3716,Duncan
3717,Duncan
3718,Duncan
3719,Duncan
3720,Duncan
3721,Duncan
3722,Duncan
3723,Duncan
3724,Duncanson
3725,Ducombe
3726,Dundas
3727,Dundas
3728,Dunderdale
3729,Dunlop
3730,Dunlop
3731,Dunlop
3732,Dunn
3733,Dunn
3734,Dunn
3735,Dunning
3736,Dunster
3737,Du Pre
3738,Durham
3739,Durham
3740,During
3741,Durrant 
3742,Dutton 
3743,Duvall 
3744,Dyer
3745,Dyes
3746,Dymond 
3747,Dymond 
3748,Eade
3749,Earle 
3750,Earle
3751,Early
3752,Earnshaw
3753,Earp
3754,Eatserbrook
3755,Eastes
3756,Easttham
3757,Easton 
3758,Eastwood
3759,Eaton
3760,Eberle
3761,Eccles
3762,Eccles
3763,Eckersley
3764,Eckersley
3765,Eddie
3766,Eddioson
3767,Edden
3768,Eden 
3769,Eden 
3770,Edgar 
3771,Edge
3773,Edlmann
3774,Edllman
3775,Edmeston 
3776,Edmonds
3777,Edmondson
3778,Edmondosn
3779,Edmondson
3780,Edmunds
3781,Edwardes
3782,Edwardes
3783,Edwardes
3784,Edwards 
3785,Edwards 
3786,Edwards 
3787,Edwards
3788,Edwards
3789,Edwards
3790,Edwards
3791,Edwards-Moss
3792,Egestroff
3793,Ekin 
3794,Edler 
3797,Elay
3798,Elger
3799,Elger
3800,Ellias
3801,Ellin
3802,Eliott
3803,Elliont 
3804,Elliot 
3805,Elliot 
3806,Elliot
3807,Elliot
3808,Elliott
3809,Elliott
3810,Elliott
3811,Elliott
3812,Ellis 
3813,Ellis 
3814,Ellis 
3815,Ellis 
3816,Ellis 
3817,Ellis 
3818,Elphinsone
3819,Elsdon 
3820,Elsey
3821,Elt
3822,Emeris
3823,Emly
3824,Emmens 
3825,Enfield
3826,Engledue
3827,English
3828,English
3829,English
3830,Erichesn
3831,Erlanger
3832,Erne
3833,Erskine 
3834,Erskine 
3835,Escombe
3836,Etlinger
3837,Evans
3838,Evans
3839,Evans
3840,Evans
3841,Evans 
3842,Evans
3843,Evans
3844,Evans
3845,Evans
3846,Evans
3847,Evans
3848,Evans
3849,Evans
3850,Evans
3851,Evatt 
3852,Eve
3853,Everitt
3854,Ewart
3855,Ewen
3856,Ewen
3857,Ewing
3858,Ewing
3859,Exeter
3860,Eykyn 
3861,Eykyn 
3862,Eyre
3863,Eyre
3864,Elyton
3865,Elyton
3866,Fair
3867,Fair 
3868,Fairbairn
3869,Fairbairn
3870,Fairclough
3871,Fairley
3872,Fiartlough 
3873,Falkiner
3874,Fallon
3875,Falshaw 
3876,Famin
3877,Fane 
3878,Fane De Salis
3879,Fanning 
3880,Fanning 
3881,Farbridge
3882,Farmer
3883,Farmer
3884,Farquhar 
3885,Farquhar
3886,Farquhar
3887,Farquhar
3888,Farquhar
3889,Farrant
3890,Farrer
3891,Farrell
3892,Farrer
3893,Farrer
3894,Fason
3895,Fawcett
3896,Fay
3897,Feilding
3898,Felkin 
3899,Fell
3900,Fellows
3901,Fenton 
3902,Fenton 
3904,Fenwick 
3905,Fenwick
3906,Fenwick
3907,Ferguson
3908,Ferguson
3909,Ferguson
3910,Ferguson
3911,Fergusson 
3912,Fergusson
3913,Ferrie
3914,Ferryman 
3915,Fesser
3916,Feversham
3917,Ffolkers
3918,Fields
3919,Field
3920,Field
3921,Field
3922,Field
3923,Fielden
3924,Fielden
3925,Fire 
3926,Figgess
3927,Fildes
3928,Filer
3929,Filmer
3930,Filmer
3931,Findelater
3932,Findlater
3933,Finaly
3934,Finaly
3935,Finnis
3936,Firbank
3937,Firmin
3938,Firmin
3939,Frith
3940,Frith
3941,Frith
3942,Frith
3943,Fishbourne
3944,Fisher
3945,Fisher 
3946,Fisher
3947,Fisher
3948,Fisher
3949,Fisher
3950,Fitch
3951,Fitton
3952,Fitzadam
3953,Fitzgerald 
3954,Fitz Gibbon
3955,Fitzmaurice
3956,Fitzwilliam
3957,Fitzwygram
3958,Fleming 
3959,Flemmich
3960,Flemming 
3961,Fletcher
3962,Fletcher
3963,Fletcher
3964,Fletcher
3965,Fletcher
3966,Fletcher
3967,Fletcher
3968,Fletcher
3969,Floersheim 
3970,Flower 
3971,Flowre
3972,Flower
3973,Floyer
3974,Fluck 
3975,Foakes
3976,Focking
3977,Follett
3978,Follett 
3979,Fooks
3980,Foot
3981,Forbess
3982,Forbess
3983,Forbes
3984,Forbes
3985,Ford
3986,Ford
3987,Ford
3988,Ford
3989,Ford
3990,Ford 
3991,Ford 
3992,Fordham
3993,Foreman
3994,Forman 
3995,Forman
3996,Forrester
3997,Forrester
3998,Forrester
3999,Forster
4000,Forster
4001,Forsyth
4002,Forteath
4003,Fortescue
4004,Fortescue
4005,Forwood
4006,Foster
4007,Foster
4008,Foster
4009,Foster
4010,Foster
4011,Foster
4012,Foster
4013,Foster
4014,Fottrell
4015,Fountain
4016,Fowler
4017,Fowler
4018,Fowler
4019,Fowler
4020,Fowler
4021,Fowler
4022,Fowler
4023,Fowler
4024,Fowler
4025,Fox 
4026,Fox
4027,Fox
4028,Fox
4029,Fox
4030,Fox
4031,Fox 
4032,Fox
4033,Francis
4034,Francis
4035,Francis
4036,Franklin 
4037,Freser
4038,Fraser
4039,Fraser
4040,Fraser
4041,Fraser 
4042,Fraser 
4043,Fraser 
4044,Fraser 
4046,Fraser 
4047,FraserMackintosh
4048,FraserMackintosh
4049,Freake
4050,Freeman
4051,Freeman
4052,Freeman
4053,Freemantle
4054,Freer 
4055,French
4056,Frere
4057,Frere
4058,Freshfield
4059,Freshfield
4060,Frewer
4061,Fripp
4062,Fronane
4063,Frost
4064,Frost
4065,Fry
4066,Fry
4067,Fry
4068,Fry
4069,Fry
4070,Fry 
4071,Fry 
4072,Fry 
4073,Fryer
4074,Fryer
4075,Fuldige
4076,Fuller 
4077,Fuller
4078,Fuller
4079,Funge
4080,Furber
4081,Furneaus
4082,Furze
4083,Fynney
4084,Gabriel
4085,Geddum
4086,Gasesden
4087,Gair 
4088,Gair 
4089,Gairdener
4090,Galbraith
4091,Galbraith
4092,Galbraith
4093,Galbraith
4094,Gale
4095,Gale
4096,Gallop
4097,Galloway
4098,Galloway
4099,Galloway
4100,Galloway
4101,Galsworthy
4102,Galsworthy
4103,Galton
4105,Gamble 
4106,Gamble 
4107,Gamble
4108,Gandy
4109,Gardinear
4110,Gardner
4111,Gardner
4112,Garey
4113,Garner
4114,Garnett
4115,Garside 
4116,Garrside
4117,Gaselee
4118,Gaskell
4119,Gassiot 
4120,Gassiot 
4121,Gassiot 
4122,Gates
4123,Gatiff
4124,Gauseen
4125,Geare
4126,Gearing
4127,Gee
4128,Gem
4129,Gheorge
4130,Gerard
4131,Germany
4132,Getting 
4133,Gex
4134,Gibbb
4135,Gibbb
4136,Gibbes
4137,Gibbons
4138,Gibbs
4139,Gibbs
4140,Gibbs
4141,Gibbs
4142,Giblett
4143,Gibson
4144,Gibson
4145,Gibson
4146,Gibson
4147,Gibson
4148,Gibson
4149,Giffard 
4150,Gilbert
4151,Gilberston
4152,Gilby
4153,Gilchrist
4154,Giles
4155,Giles 
4156,Giles 
4157,Gill
4158,Gill
4159,Gill
4160,Gillespie
4161,Gillespie
4162,Gillespie
4163,Gillespie
4164,Gillet
4165,Gilliat
4166,Gilliat
4168,Gillies
4169,Gilman 
4170,Gilmour
4171,Gilmour
4172,Gilpin
4173,Gladstone
4174,Gladstone
4175,Gladstone
4176,Glaister
4177,Glasbrook
4178,Glen 
4179,Gloucester and Bristol
4180,Glover 
4181,Glover 
4182,Gloyne 
4183,Glydon
4184,Glyn
4185,Glyn 
4186,Glyn
4187,Glyn
4188,Goddard
4189,Goddard
4190,Goddard
4191,Goddard
4192,Goddard
4193,Godfrey
4194,Godson
4195,Goff 
4196,Goldney 
4198,Goldsmid
4199,Gooch
4200,Gooch
4201,Goode
4202,Goodeve
4203,Goodhart 
4204,Goodife
4205,Goodman
4206,Goodsonm
4207,Goodwin
4208,Gordon
4209,Gordon
4210,Gordon
4211,Gordon
4212,Gordon
4213,Gordon
4214,Gordon
4215,Gort
4216,Goschen
4241,Goschen
4242,Goschen
4243,Goschen
4244,Goslett
4245,Gossler
4246,Gotto
4247,Gouger
4248,Gough
4249,Gough
4250,Gould
4251,Gould
4252,Goulding 
4253,Gourly
4254,Gover
4255,Govett
4256,Gow
4257,Gowans
4258,Gower
4259,Grace
4260,Grace
4261,Graham
4262,Graham
4263,Graham
4264,Graham
4265,Graham
4266,Graham
4267,Graham
4268,Graham
4269,Grant
4270,Grant
4271,Grant
4272,Grant
4273,Grant
4274,Grantham
4275,Grant-Peterkin
4276,Gratex
4277,Garve
4278,Garves
4279,Gray
4280,Gray
4281,Gray
4282,Gray
4283,Greanme
4284,Greaves
4285,Greaves
4286,Green
4287,Green
4288,Green
4289,Green
4290,Green
4291,Green
4292,Green
4293,Green
4294,Green 
4295,Greenly
4296,Green-Thompson
4297,Greenall
4298,Greenall
4299,Greenall
4300,Greene
4301,Greenfield
4302,Greenhill
4303,Greenwood
4304,Greenwood
4305,Greenwood
4306,Greenwood
4307,Greg
4308,Greg
4309,Greg
4310,Gregory
4311,Gregory
4312,Gregson
4313,Gregson
4314,Greig
4315,Greig
4316,Grenfell
4317,Grenfell
4318,Grenfell
4319,Grenfell
4320,Grey
4321,Gey
4322,Grice 
4323,Grierson
4324,Griveve
4325,Grffin
4326,Griffith
4327,Giffith
4328,Griffiths
4329,Griffiths
4330,Grismston
4331,Gripper
4332,Grissell
4333,Grosvenor
4334,Grosvenor
4335,Groucutt
4336,Grundy
4337,Gruning
4338,Guest
4339,Guest
4340,Guild
4341,Guinness
4342,Guion
4343,Guitry
4344,Gullick 
4345,Gulson
4346,Gundry
4347,Gunn
4348,Gtinther
4349,Gurbs
4350,Gurney
4351,Gurney
4352,Gutch
4353,Guthrie
4354,Guy
4355,Gwinner
4356,Gwinnett
4357,Gwyer
4358,Gwyen
4359,Harbershon
4360,Handaway
4362,Haddon
4363,Handley
4364,Hadley
4365,Hagger
4366,Haigh
4367,Haigh 
4368,Haigh 
4369,Hainsworth
4370,Hakewill
4371,Halcomb
4372,Haldane 
4373,Hale 
4374,Hale 
4375,Hale
4376,Hales
4378,Halkett
4379,Hall
4380,Hall
4381,Hall
4382,Hall
4383,Hall
4384,Hall
4385,Hall
4386,Hall
4387,Hall
4388,Hall
4389,Hall
4390,Hall
4391,Hall
4392,Hall
4393,Hall
4394,Hall
4395,Hall
4396,Hall
4397,Hall
4398,Hall
4399,Hallard
4400,Hallaway
4401,Hallewell
4402,Hallewell
4403,Halliday
4404,Haliday
4405,Halpin
4406,Halasey
4407,Hambro
4409,Hamilton 
4410,Hamilton
4411,Hamilton
4412,Hamilton
4413,Hamilton
4414,Hamilton
4415,Hamilton
4416,Hamilton
4417,Hamilton
4418,Hamilton
4419,Hamilton Jones
4420,Hamlyn
4421,Hammack 
4422,Hammond 
4423,Hamond 
4424,Hanbury
4425,Hanbury
4426,Hancook
4427,Handely
4428,Handyside
4429,Hankey
4430,Hankey
4431,Hankey
4432,Hankey
4433,Hankey
4434,Hankey
4435,Hankey
4436,Hannnah
4437,Hannay
4438,Hanson
4439,Hanson 
4440,Harben
4441,Harbottle
4442,Hardcastle
4443,Harding
4444,Hardinge
4445,Hardisty
4446,Hardwick
4447,Hardy
4448,Hare
4449,Hare
4450,Hare
4451,Harford
4452,Hargreaves
4453,Hargreaves
4454,Hargrove
4455,Harker
4456,Harker
4457,Harman
4458,Harper
4459,Harper
4460,Harrington
4461,Harris
4462,Harris
4463,Harrish
4464,Harrish
4465,Harrish
4466,Harris
4467,Harris
4468,Harris
4469,Harris
4470,Harris
4471,Harris
4472,Harrison
4473,Harrison
4474,Harrison
4475,Harrison
4476,Harrison
4477,Harrison
4478,Harrison
4479,Harrison
4480,Harrison
4481,Harrison
4482,Harrison 
4483,Harrison 
4484,Harrison 
4485,Harrison
4486,Harrison
4487,Harrison
4488,Harrison 
4489,Harrison 
4490,Harrold
4491,Hartley
4492,Hartley
4493,Hartley
4494,Hartley
4495,Hartridge
4496,Harvey
4497,Harvey
4498,Harvey
4499,Harvey
4500,Harcie
4501,Harwood
4502,Haslsm
4503,Hasleham
4504,Hasluck
4505,Hastings
4506,Hatherly 
4507,Hathron
4508,Haviside
4509,Hawes
4510,Hawes
4511,Hawke
4512,Hawker
4513,Hawkins 
4514,Hawkins 
4515,Hawkins
4516,Hawkins
4517,Hawkins 
4518,Hawksley
4519,Hawksley
4520,Haworth
4521,Haworth
4522,Haworth
4523,Haworth
4524,Haworth
4525,Hawthron
4526,Hay
4527,Hay
4528,Hayes
4529,Hayes
4530,Hayes
4531,Hayes
4532,Hayles
4533,Hayne 
4534,Hayne 
4535,Haywood
4536,Head
4537,Head
4538,Healey
4539,Heane
4540,Heape
4541,Heath
4542,Heath
4543,Heath
4544,Heath
4545,Heath
4546,Heathcoat-Amory
4547,Heaton
4548,Heaton
4549,Heaton
4550,Heaton
4551,Heaton
4552,Heaton
4553,Hebblethwaite
4554,Hebden
4555,Heckethorn
4556,Hedges
4557,Hedges
4558,Hedley
4559,Heighway
4560,Heilgers
4562,Helme
4563,Helme
4564,Helps
4565,Hemery
4566,Heammant
4567,Hemming
4568,Hemsley 
4569,Henderson
4570,Henderson
4571,Henderson
4572,Henderson
4573,Henderson
4574,Henderson
4575,Henderson
4576,Henderson
4577,Heneage
4578,Henly
4579,Henriques
4580,Henry
4581,Henry
4582,Henry
4583,Henry
4584,Hensley
4585,Hensman
4586,Henty
4587,Hepherd
4588,Herapath
4589,Hebert
4590,Hebert
4591,Herdman
4592,Herring
4593,Herron
4594,Harschell
4595,Hertslet
4596,Herrtz
4597,Hervey
4598,Hervey
4599,Heseltine
4600,Heakett
4601,Heslop
4602,Hetley
4603,Hett
4604,Hewett
4605,Hewitt
4606,Hewitt
4607,Hewitt
4608,hewson
4609,Heygate
4610,Hayward
4611,Heyworth
4612,Hebbert
4613,Hickman
4614,Hick-Beach
4615,Higgnis
4616,Higgnis
4617,Higgins
4618,Higgins
4619,Haggins
4620,Highway
4621,Higson
4622,Higson
4623,Hilbers
4624,Hilyard
4625,Hiley
4626,Hill
4627,Hill
4628,Hill
4629,Hill
4630,Hill
4631,Hill
4632,Hill
4633,Hill
4634,Hill
4635,Hill
4636,Hill
4637,Hill
4638,Hill
4639,Hilliard
4640,Hills
4641,Hilton
4642,Hincksman
4643,Hind
4644,Hindle
4645,Hinmers
4647,Hilton
4648,Hirst
4649,Hoare
4650,Hoare
4651,Hoare 
4652,Hoare
4653,Hoare
4654,Hoare
4655,Hobhouse
4656,Hobkirk
4657,Habson
4658,Hookin
4659,Hodgetts
4660,Hodgkinson 
4661,Hodgson
4662,Hodgson
4663,Hodgson
4664,Hodgson
4665,Hodgson
4666,Hodson
4667,Hodson
4668,Hog
4669,Hogarth
4670,Hogg
4671,Hogg
4672,Hogg
4673,Hogg
4674,Hogg
4675,Hoggan
4676,Holcroft
4677,Holden 
4679,Holden
4680,Holden
4681,Holden
4682,Holder
4683,Holisworth
4684,Holl
4685,Holland
4686,Holland
4687,Holland
4688,Holland
4689,Holland
4690,Holland
4691,Holland
4692,Holland
4693,Holland
4694,Holland
4695,Holland
4696,Holland
4697,Holiday
4698,Hallings
4699,Hollings
4700,Hollocoombe
4701,Hollond
4702,Holms
4703,Holmes
4704,Holmes
4705,Holmes
4706,Holt
4707,Holt
4708,Holtby
4709,Holts. 
4710,Holyland
4711,Homan
4712,Homer
4713,Homfray
4714,Hone
4715,Hone
4716,Honeyman
4717,Hood 
4718,Hook
4719,Hooper
4720,Hooper
4721,Hooper
4722,Hope
4723,Hope
4724,Hope
4725,Hopkins
4726,Hopkinson
4727,Horman-Fisher
4728,Hornby
4729,Hornby
4730,Hornby
4731,Horne
4732,Horne
4733,Horner
4734,Horrocks
4735,Horrocks
4736,Horsfall
4737,Horsfall
4738,Horsfall
4739,Horamey
4740,Horton
4741,Hoskins
4742,Hoste
4743,Hotham
4744,Houghton
4745,Houldsworth
4746,Houseman
4747,Howard
4748,Howard
4749,Howard
4750,Howard
4751,Howard
4752,Howard
4753,Howcutt 
4754,Howden 
4755,Howden 
4756,Howden 
4757,Howe 
4758,Howl
4759,Hozier
4760,Hubback
4761,Hubbard
4762,Hubbard
4763,Hubbard
4764,Hubbard
4765,Hubbard
4766,Hudleston
4767,Hudson
4768,Hudson
4769,Hudson
4770,Hudson
4771,Hue
4772,Hue
4773,Hughes
4774,Hughes
4775,Hughes
4776,Hughes
4777,Hughes
4778,Hughes
4779,Hughes
4780,Hughes-Hughes
4781,Huish
4782,Hull
4783,Hulse
4784,Humber
4785,Humphreys
4786,Humphreys
4787,Humphreys-Owen
4788,Humphry
4789,Hunt 
4790,Hunt
4791,Hunt
4792,Hunt 
4793,Hunt 
4794,Hunt
4795,Hunt
4796,Hunt
4797,Hutehinson
4798,Hunter
4799,Hunter
4800,Hunter
4801,Hunter
4802,Hunter
4803,Hunter
4804,Hunter
4805,Hunty
4806,Hurll
4807,Hurst
4808,Hutchison
4809,Hutchinson
4810,Hutchinson
4811,Hutchison
4812,Hutchison
4813,Huth
4814,Hutch
4815,Huth
4816,Huth
4817,Hutton
4818,Hutton
4819,Hutton
4820,Hydes
4821,Hydes
4822,Hyett
4823,Ibbotson
4824,Iken
4825,Illingworht
4826,Illingworth
4827,ilott
4828,Ingham
4829,Inglis
4830,Inglis
4831,Ingram
4832,Innes
4833,Innes
4834,innes
4835,Innes
4836,innes
4837,Inns
4838,Ionides
4839,Ionides
4840,Ironmonger
4841,Ironmonger
4842,Irwin 
4843,Issac
4844,Isaac
4845,Isaac
4846,isherwood
4847,Isherwood
4848,Isle
4849,Isle
4850,Ismay
4851,Jack
4852,Jack
4853,Jackson
4854,Jackson
4855,Jackson
4856,Jackson
4857,Jackson
4858,Jackson
4859,Jackson
4860,Jackson
4861,Jackson
4862,Jacomb-Hood
4863,Jacomb-Hood
4864,Jaff
4865,Jaffray
4866,Jaffy
4867,James
4868,James
4869,James
4870,James
4871,James
4872,James
4873,Jameson
4874,Jameson
4875,Jameson
4876,Jameson
4877,Jameson
4878,Jamieson
4879,Jamieson
4880,Jamieson
4881,Jamieson
4882,Jamieson
4883,Janson
4884,Jaques
4885,Jardine
4886,jardine
4887,Jarratt
4888,Jarvis
4889,Jarvis
4890,Jay
4891,Jefferson
4892,Jefferson
4893,Jeffryes
4894,jennings
4895,Jellice
4896,jenkins
4897,Jenkins
4898,Jenkins
4899,Jenkins
4900,Jenks
4901,Jephson
4902,Jeeps
4903,Jarrett
4904,jervis
4905,jervis
4906,Jesper
4907,Jessop
4908,Jessop
4909,Jeune
4910,Jewsnury
4911,Jiminez
4912,Johns
4913,Johnson
4914,Johnson
4915,Johnson
4916,Johnson
4917,Johnson
4918,Johnson
4919,Johnston
4920,Johnston
4921,Johnston
4922,Johnston
4923,Johnston
4924,Johnson
4925,Johnston
4926,Johnstone
4927,Johnstone
4928,Jones
4929,Jones
4930,Jones
4931,Jones
4932,Jones
4933,Jones
4934,Jones
4935,Jones
4936,Jones
4937,Jone
4938,Jones
4939,Jones
4940,Jones
4941,Jones
4942,Jones
4943,Jordon 
4944,Jordon 
4945,Jordon 
4946,Jose
4947,Joseph
4948,Joallis
4949,Jourdain
4950,Jowett
4951,Joyee
4952,Joyner
4953,Judd
4954,Judd
4956,Jump
4957,Just
4958,Kane
4959,Karslake
4960,Karalake
4961,Katinakia
4962,Kavangh
4964,Kay
4965,Kaye
4966,Keane
4967,Kearness
4968,Keary
4969,Keeling 
4970,Keeling 
4971,Keene
4972,Keep
4973,Keith
4974,Keith
4975,Keith
4976,Kelk
4977,Kellock 
4978,Kelly
4979,Kelly
4980,Kelly
4981,Kelly
4982,Kelly 
4983,Kemball
4984,Kemble
4985,Kemp
4986,Kemp
4987,Kempe
4988,Kempster
4989,Kendall
4990,Kendall
4991,Kenderdine
4992,Kendrick
4993,kendrick
4994,Kennard
4995,Kennard
4996,Kennard
4997,Kenneaway 
4998,Kennedy
4999,Kennedy
5000,Kennedy
5001,Kennedy
5002,Kennedy
5003,Kennedy
5004,Kennedy
5005,Kenrick
5006,Kenrick
5007,Kenrick
5008,Kenrick
5009,Kensit
5010,Kent
5011,Kenwothy
5012,Keppel
5013,Ker
5014,Kerl
5015,Kermack
5016,Kernan
5017,Kerr
5018,Kerr
5019,Kerrison
5020,Kershaw
5021,Kershaw
5022,Kershaw
5023,Kew
5024,Kew
5025,Key
5026,Keyser
5027,Kidston
5028,Kielmansegge
5029,Kiburn
5030,Kilby
5031,Killey
5032,Kimber 
5033,Kinchan
5034,Kinahan
5035,King 
5036,King 
5037,King 
5038,King 
5039,King 
5040,King 
5041,King 
5042,King
5043,King
5044,King
5045,King
5046,King
5047,Kingdon
5048,Kingscote
5049,Kingscaote
5050,Kingsford
5051,Kingston
5052,Kinloch
5053,Kinloch
5054,Kinnaird
5055,Kinnaird
5056,Kinnear
5057,Kinner
5058,Kiping 
5059,Kirk
5060,Kirk
5061,Kirkhope
5062,Kirkland
5063,Krikwood
5064,Kitchin
5065,Kitching
5066,Kitching
5067,Kitosn
5068,Kitosn
5069,Knapp
5070,Knatchbull-Hugessen
5071,Knight
5072,Knight 
5073,Knight
5074,Knott
5076,Knoeles
5077,Knowles
5078,Knoelws
5079,Knowles
5080,Knowles
5081,Knowles
5082,Knowles
5083,Knowles
5084,Knowles
5086,Krell
5087,Kyrke
5088,L'estrange
5089,La Touche
5090,Labouchere
5091,Labouchere
5092,Lacaita
5093,Lacon
5094,Laing
5095,Laing
5096,Laing
5097,Laird
5098,Lake
5099,Lake
5100,Lake
5101,Lake
5102,Lamb
5103,Lambert
5104,Lambert
5105,Lambert
5106,Lambert
5107,Lambert
5108,Lambert
5109,Lambert
5110,Laomond
5111,Lamont
5112,Lampson
5113,Lancashire
5114,Lancaster
5115,Lancaster
5116,Lancaster
5117,Lancaster
5118,Lancaster
5119,Landale
5120,Landon
5121,Lane
5122,Lang
5123,Lang
5124,Langlans
5125,Langton
5126,Lanyon
5127,Larking
5128,Larking 
5129,Larking
5130,Larkworthy
5131,Larnach
5133,Lascelles
5134,Latham
5135,Latham
5136,Latter
5137,Laughton
5138,Laurence 
5139,Laurence 
5140,Laurence 
5141,Laurie
5142,Lavender
5143,Laver
5144,Laverton
5145,Law
5146,Law
5147,Law
5148,Law
5149,Lawley
5150,Lawrence
5151,Lawrence
5152,Lawrence
5153,Lawrence
5154,Lawrie
5155,Lawrie
5156,Laws
5157,Laws
5158,Lawson
5159,Lay
5160,Laycock
5161,Layton
5162,Le Bas
5163,Le Breton 
5164,Le Champion
5165,Le Cornu
5166,Le Feurve
5167,Le Lacheur
5168,Le Marchants
5169,Lea
5170,Leach
5171,Leadbetter
5172,Leader
5173,Leaf 
5174,Leak
5175,Leake
5176,Leake 
5177,leamon
5178,Lean
5179,Learmouth
5180,learoyd
5181,Leask
5182,Leckie
5183,Leckie
5184,Leadward
5185,Lee
5186,Lee
5187,Lee
5188,Lee
5189,Lee
5190,Lee
5191,Lee
5192,Lee
5193,Lee
5194,Leech
5195,Leech
5196,Leech
5197,leeds
5198,Leeke
5199,Leeman
5200,Leeming
5201,Lees
5202,Lees 
5203,Lees 
5204,Lefeaux
5205,Lefevre 
5206,Lefevre
5207,Lefroy
5208,Legg
5209,Legge
5210,Legh
5211,Leghton
5212,Leisler
5213,Leith
5214,Leith
5215,Lemon
5216,Lemon
5217,Leng
5218,Lennox
5219,Lennox
5220,Lennox
5221,Lennox
5222,Lepper
5223,Leppoc
5224,Leslie
5225,Leslie
5226,lessels
5227,Lethbridge
5228,Lethbridge
5229,Lethbridge
5230,Leveson
5231,Levita
5232,Levy
5233,Lewin
5234,Lewis
5235,Lewis
5236,Lewis
5237,Lewis
5238,Lewis
5239,Lewis
5240,Lewis
5241,Lewis
5242,Lichfield
5243,Liddlell
5244,Lidderadale
5245,Lidderadale
5246,Liddle
5247,Lidgett
5248,Lidster
5249,Lifford
5250,Ligertwood
5251,Light
5252,Lightfood
5253,Linder
5254,Lindow
5255,Lindow
5256,Lindow
5257,Lindsay
5258,Lingard Monk
5259,Linging
5260,Linnell
5261,Lintilhac
5262,Lincott
5263,Lisham
5264,Lister
5265,Litheland
5266,Little
5267,Little
5268,Littledale
5269,Littledale
5270,Littlejohn
5271,Livesey
5272,Livesey
5273,Livingston
5274,Livingston
5275,Lloyd
5276,Lloyd
5277,Lloyd
5278,Lloyd
5279,Lloyd
5280,Lloyd
5281,Lloyd
5283,Lloyd
5284,Lloyd
5285,Loch
5286,Lock
5287,Locke
5288,Locke
5289,Locker
5290,Lockhart
5291,Lockwood
5292,Lockwood
5293,Lockyer
5294,Loe
5295,Loehnis
5296,Lofts 
5297,Logan 
5298,Logan 
5299,Logan 
5300,Logan
5301,Lombard
5302,Lombard
5303,Londonderry
5304,Long
5305,Long
5306,Longbottam
5307,Longbottam
5308,Longbourne
5310,Longmore
5311,Longbridge
5312,Longsdon
5313,Longueville
5314,Lopes
5315,Lopes
5316,Lord
5317,Lord 
5318,Lothian
5319,Loughnan
5320,Lousada
5321,Louth
5322,Lovat
5323,Loveland
5324,Loveridge
5325,Low
5326,Low
5327,Low
5328,Low
5329,Lowe
5330,Lowe
5331,Lowe
5332,Lownde
5333,Lowry
5334,Lowson
5335,Lowther
5336,Loxdale
5337,Loyd
5338,Lubbock
5339,Lubbock
5340,Lubbock
5341,Lubbock
5342,Lucan
5343,Lucas
5344,Lucas
5345,Lucas
5346,Lucas
5347,Lucas
5348,Lucas
5349,Lcue
5350,Lucy
5351,Ludlow
5352,Lumb
5353,Lumsden 
5354,lupton
5355,Lushington
5356,Lusk
5357,Luxmoore
5358,Lyuall
5359,Lyall
5360,Lyall
5361,Lyall
5362,Lycett 
5363,Lyddon
5364,Lydekker
5365,Lyell
5366,Lynch
5367,Lynch-Staunton
5368,Lunes 
5369,Lyon 
5370,Lyon-Mackenzie
5371,Lyons
5372,Lysaght
5373,Lysley
5374,Lyttelton
5375,Mabson
5376,M'Andrew
5377,Macandrew
5378,Macendrew
5379,McAnderw 
5380,Macardle
5381,McArtur
5382,McArtur
5383,McArtur
5384,Macaulay 
5385,Macaulay 
5386,M'Birney
5387,McBlain
5388,Macbrayne
5389,McCalman
5390,M'Cance
5391,Mccandish 
5392,Mclaen
5393,M'Clelland
5394,Mcclintock
5395,M'Clure
5396,McComb
5397,Mcconnell
5398,Mcconnell
5399,MCGlasson
5400,M'Gowan
5401,McGregor
5402,McGregor
5403,MacGregor
5404,McGregor
5405,McHardy 
5406,McInnes
5407,MacInnes
5408,MIntosh
5409,Maclver
5410,McJannet
5411,Mackay
5412,Mackay
5413,M'Kelvie
5414,M'Kelvie
5415,Mckensize
5416,Mackenzie
5417,Mackenzie
5418,Mackenzie
5419,Mackenzie
5420,Mackenzie
5421,Mackenzie
5422,Mackenzie
5423,Mackenzie
5424,Mackezie
5425,Mackezie
5426,Mackezie
5427,Mackezie
5428,Mackezie
5429,Mackezie
5430,M'kenzie
5431,Mackillop
5432,Mackinder
5433,Mackinnon
5434,Mackinnon
5435,Mackinnon
5436,Mackinnon
5437,Mackintosh
5438,Mackirdy
5439,Macky
5440,M'Lagan
5441,Maclaren
5442,McLairn
5443,M.laren
5444,M'Laren
5445,Maclaren
5447,M'Lean
5448,Macleay
5449,Macleay
5450,Maclellan
5451,Maclellan
5452,MacLeod
5453,Macleod
5454,MacLeod
5455,Macliver
5457,Maclure
5458,McMaster
5459,McMillian
5460,M'Mullen
5461,Mackmurdo
5462,Macnaghten
5463,Mcnair
5464,McNaught
5465,Macnsghten
5466,McNaughton
5467,M'Nail
5468,MacNeill
5469,MacNeill
5470,Maconochie
5471,Mscpherson
5472,Mscpherson
5473,Macpherson
5474,Macpherson
5475,Macpherson
5476,Macpherson-Grant
5477,Macrory
5478,MacSwiney
5479,Mactear
5480,M'William
5481,Magnay
5482,Magniac
5483,Mahony
5484,Mahony
5485,Main
5486,Mair
5487,Maithland
5488,Maitland
5489,Maitland
5490,Maitland
5491,Makin
5492,Makins
5493,Makowski
5494,Malocolm
5495,Malcolm
5496,Malcomson
5497,Malcolmson
5498,Malcomson
5499,Malin
5500,Mallinson
5501,Mancha
5502,Manchester
5503,Manders
5504,Mangles
5505,Mangnall
5506,Manly
5507,Mann
5508,Mann
5509,Mann
5510,Manning
5511,Manning
5512,Manning
5513,Mansel
5514,Mansel-Pleydell
5515,Mansfield
5516,Mantom
5517,Maples
5518,Mappin
5519,Margetson
5520,Markby
5521,Markham
5522,Markham
5523,Marling
5524,Marples
5525,Marriott
5526,Marriott
5528,Marrow
5529,Marryat
5530,Marsden
5531,Marsden
5532,Marsh
5533,Marsh
5534,Marsh
5535,Marshall
5536,Marshall
5537,Marshall
5538,Marshall
5539,Marshall
5540,Marten
5541,Marten
5542,Marten
5543,Martin
5544,Martin
5545,Martin
5546,Martin
5547,Martin
5548,Martin
5549,Martin
5550,Martin
5551,Martin
5552,Martin
5553,Martin
5554,Martin
5555,Martin
5556,Martin
5557,Martin
5558,Martineau
5559,Martineau
5560,Mason 
5561,Mason 
5562,Mason 
5563,Mason 
5564,Mason
5565,Mason
5566,Massey
5567,Massey
5568,Massey
5569,Master
5570,Masterman
5571,Matheson
5572,Matheson
5573,Matheson 
5574,Mathias
5575,Mathieson 
5577,Mathierson
5578,Matthews
5579,Matts
5580,Maud
5581,Maunsell
5582,Maurice
5583,Mavrogordato
5584,Mawdsley
5585,Mawson
5586,Maxsted
5587,Maxton
5588,Maxwell
5589,May
5590,May
5591,May
5592,May
5593,May
5594,Mayall
5595,Mynard
5596,Mayne
5597,Mayner
5598,Mayson
5599,Mead 
5600,Meade
5601,Meara
5602,Meats
5603,Medley 
5604,Meek
5605,Meek 
5606,Megaw
5607,Meggson
5608,Meinertzhagen
5609,Melland
5610,Melliss
5611,Mellor
5612,Mellor
5613,Mellor
5614,Mellor
5615,Melley
5616,Melville
5617,Melville
5618,Mendel
5619,Menzie
5620,Menzies
5621,Menzies
5622,Menzies
5623,Mercer
5624,Meredith
5625,Merrall
5626,Merrall
5627,Merriman
5628,Messenger
5629,Methven
5630,Metivier
5631,Metivier
5632,Meyer
5633,Meyrick
5634,Meysey-Thompson
5635,Michael
5636,Michell
5637,Michelmore
5638,Micholls
5639,Middlemore 
5640,Middleton
5641,Midleeton
5642,Milburn
5643,Miles
5644,Miles
5645,Miles
5646,Miles
5647,Miles
5648,Miles
5649,Miley
5650,Miller
5651,Miller
5652,Miller
5653,Miller
5654,Miller
5655,Miller
5656,Mills
5657,Mills
5658,Mills
5659,Mills
5660,Mills
5661,Mills
5662,Mills
5663,Milman
5664,Miln
5665,Milne
5666,Milne
5667,Minnoch
5668,Minor
5669,Mirrless
5670,Mitchell
5671,Mitchell
5672,Mitchell
5673,Mitchell
5674,Noberly
5675,Moberly
5676,Mocattta
5677,Moffat
5678,Moffat
5679,Moir
5680,Molesworth
5681,Molineux
5682,Monck
5683,Monckton
5684,Monckton
5685,Moncreiff
5686,Moncreiff
5687,Moncreiff
5688,Moncreiff
5689,Monks
5690,Monkhouse
5691,Montagu
5692,Montagu
5693,Montfiore
5694,Montfiore
5695,Montfiore
5696,Montfiore
5697,Montfiore
5699,Montgomery
5701,Montgomery
5702,Montgomery
5703,Montgomery 
5704,Montresor
5705,Monypenny
5706,Moon
5707,Moon
5708,Moor
5709,Moore
5710,Moore
5711,Moore
5712,Moore
5713,Moore
5714,Moore
5715,Moore
5716,Moran
5717,Moray and Ross
5718,Moreland
5719,Morgan
5720,Morgan
5721,Morgan
5722,Morgan
5723,Morgan
5724,Morgan
5725,Morgan
5726,Morice
5727,Morland
5728,Morley
5729,Morley
5730,Morley
5731,Morley
5732,Morley
5733,Morphett
5734,Morrice
5735,Morris
5736,Morris
5737,Morris
5738,Morris
5739,Morris
5740,Morris 
5741,Morris 
5742,Morrish
5743,Morrison
5744,Morrison
5745,Morrison
5746,Morrison
5747,Morrison
5748,Morrison
5749,Morrison
5750,Morrison
5751,Morrison
5752,Morrison
5753,Mort
5754,Mortimer
5755,Mortimer
5756,Mortimer
5757,Mortimore
5758,Morton
5759,Morton
5760,Morton
5761,Morscrop
5762,Mosley
5763,Moss
5764,Mott
5765,Mott
5766,Monunsey
5767,Mowbray
5768,Moxham
5769,Moxan 
5770,Moy
5771,Moy
5772,Muir
5773,Muir
5774,Muir
5775,Muir
5776,Muirhead
5777,Muirhead
5778,Munbdella
5779,Munro
5780,Munster
5781,Muntz
5782,Muntz
5783,Muntz
5784,Muntz
5785,Murdoch
5786,Murdoch
5787,Murland
5788,Murney
5789,Murphy
5790,Murphy
5791,Murphy
5792,Murphy
5793,Murray 
5794,Murray 
5795,Murray 
5796,Murray
5797,Murrieta
5798,Murrieta
5799,Musgrave
5800,Musgrove
5801,Mylne
5802,Naghten
5803,Nagle
5804,Napier
5805,Napier
5806,Nash
5807,Nash
5808,Nash
5809,Neale
5810,Neame
5811,Neame
5812,Neate
5813,Needham
5814,Needham
5815,Negus
5816,Neild
5817,Nelson
5820,Nelson
5821,Nelson
5822,Nelson
5823,Nelson
5824,Nelson
5825,Nelson
5826,Nelstrop
5827,Nestel
5828,Nettlefold
5829,Neumann
5830,Nevill
5831,New
5832,New
5833,New
5834,Newwall
5836,Newbold
5837,Newman
5838,Newman
5839,Newman
5840,Newmarch
5841,Newry
5842,Newstead
5843,Newsum
5844,Newton
5845,Newton
5846,Newton
5847,Newton
5848,Nicholetts
5849,Nicholl
5850,Nichols
5851,Nicholson
5852,Nicholson
5853,Nicholson
5854,Nicholson
5855,Nicholson
5856,Nicholson
5857,Nicholson
5858,Nicholson
5859,Nicholson
5860,Nicks
5861,Nicol
5862,Nicol
5863,Nicol
5864,Nicolipulo
5865,Nicolson
5866,Nicolson
5867,Nicolson
5868,Niven
5869,Niven
5870,Nix
5871,Nixon
5872,Nixon
5873,Noakes
5874,Noble
5875,Noble
5876,Noble
5877,Nole
5878,Nole
5879,Nole
5880,Norman
5881,Norman
5882,Norman
5883,Norman
5884,Norreys
5885,Norris
5886,North
5887,North
5888,North
5889,Northcott
5890,Norton
5891,Norton
5892,Norton
5893,Norton
5894,Norton
5895,Norton
5896,Norton
5897,Notman
5898,Novelli
5899,Nugent 
5900,Nugent 
5901,Nugent 
5902,Nussey
5903,Nuttall
5904,O'Connor
5905,O'Donovan
5906,O'Hagan
5907,O'Neil
5908,O'Neil
5909,O'Shaughnessy
5910,Odday
5911,Ogden
5912,Ogilive
5913,Ogston
5914,Ogston
5915,Olding
5916,Olrdey
5917,Oldroyd
5918,Oldroyd
5919,Oldroyd
5920,Oliver
5921,Ommanney
5922,Ommanney
5923,Ommanney
5924,Oppenheim
5925,Oppenheimer
5926,Orde
5927,Ormerod
5928,Ormiston
5929,Ormston
5930,Orpen
5931,Orr
5932,Ottley
5933,Otaway
5934,Oulton
5935,Ouseley
5936,Outram
5937,Outwin
5938,Overell
5939,Owen
5940,Owen
5941,Owen
5942,Owen
5943,Owen
5944,Oxley
5945,Oxley
5946,Packe
5947,Paddon
5948,Padley
5949,Padmore
5950,Pagan
5951,Page
5952,Page
5953,Paget
5954,Paget
5955,Paget
5956,Pain
5957,Paine
5958,Paine
5959,Paine
5960,Palk
5961,Palliser
5962,Palmer
5963,Palmer
5964,Palmer
5965,Palmer
5966,Palmer
5967,Palmer
5968,Palmer
5969,Palmer
5970,Parbury
5971,Parish
5972,Parisot
5973,Park
5974,Park
5975,Parker
5976,Parker
5977,Parker
5978,Parker
5979,Parker
5980,Parker
5981,Parker
5982,Parker
5983,Parker
5984,Parker
5985,Parkers
5986,Parkinson
5987,Parkinson
5988,Parks
5989,Parlane
5990,Parmly
5991,Parnall
5992,Parr
5993,Parr
5994,Parr
5995,Parris
5996,Parrish
5997,Parson
5998,Parson
5999,Partridge
6000,Partridge
6001,Pass
6002,Passingham
6003,Paster
6004,Paterson
6005,Paterson
6006,Paterson
6007,Paton
6008,Patterson
6009,Patterson
6010,Patterson
6011,Pattinson
6012,Paul
6013,Paulla
6014,Paver-Crow
6015,Pavy
6016,Pawson
6017,Payne
6018,Payne
6019,Payne
6020,Peake
6021,Peake
6022,Pearce
6023,Pearce
6024,Pearson
6025,Pearson
6026,Peason
6027,Peason
6028,Pearson
6029,Pearson
6030,Pearson
6031,Pearson
6032,Pease
6033,Pease
6034,Pease
6035,Pease
6036,Pechey
6037,Peekham
6038,Peckitt
6039,Peddie
6040,Peddie
6041,Peddie-Waddell
6042,Peek
6043,Peek
6044,Peek
6045,Peel
6046,Peele
6047,Peill
6048,Peirce
6049,Pell
6050,Pelly
6051,Pember
6052,Pemberton
6053,Pemberton
6054,Pender
6055,Penketh
6056,Penn
6057,Penny
6058,Pennyman
6059,Pepys
6060,Percval
6061,Perceval
6062,Percival
6063,Percy
6064,Perigal
6065,Perrier
6066,Perry
6067,Perry 
6068,Perry 
6069,Peto
6070,Peter
6071,Peter
6072,Petrie
6073,Petrie
6074,Petrie
6075,Petro Chino 
6076,Pettigrew
6077,Pexton
6078,Peyton
6079,Philipaon
6080,Phillimore
6081,Phillips
6082,Phillips
6083,Phillips
6084,Phillips
6085,Philips
6086,Philips
6087,Phillpotts
6088,Philip
6089,Philpott
6090,Phipps
6091,Phipps
6092,Phipps
6093,Pickard
6094,Picken
6095,Pickering
6096,Pidgeon 
6097,Pigeon
6098,Pigou
6099,Pike
6100,Pike
6101,Pike
6102,Pilcher
6103,Pikington
6104,Pim
6105,Pim
6106,Pim
6107,Pim
6108,Pinckard
6109,Pinnock
6110,Pipe Wolferstan
6111,Pirrie
6112,Pitman
6113,Pitman
6114,Pitt
6115,Pittar
6116,Playfair
6117,Playfair
6118,Playfair
6119,Plimsaul
6120,Plummer
6121,Plummer
6122,Plumpterr
6123,Plunkett
6124,Pocock
6125,Pocock
6126,Pole
6127,Pollack
6128,Pollack
6129,Pollack
6130,Pollack
6131,Polson
6132,Pomeroy
6133,Pomeroy
6134,Ponsonby
6135,Ponsonby-Fane
6136,Pontifex
6137,Pontifax
6138,Poole
6139,Popple
6140,Porrett
6141,Portal
6142,Porteous
6143,Porter
6144,Porter
6145,Porter
6146,Porter
6147,Porter
6148,Porter
6149,Postans
6150,Potter
6151,Potter
6152,Potts
6153,Potts
6154,Potts
6155,Potts
6156,Potts
6157,Poulett
6158,Pound 
6159,Powell
6160,Powell
6161,Powell
6162,Powell
6163,Powell
6164,Powell
6165,Powell
6166,Powell
6167,Powell
6168,Power
6169,Power
6170,Power
6172,Pownall
6173,Praed
6174,Praed
6175,Prance
6176,Prentice
6177,Prescott
6178,Preston
6179,Preston
6180,Preston
6181,Preston
6182,Preston
6183,Prevost
6184,Price
6185,Price
6186,Price
6187,Price
6188,Price
6189,Price
6190,Price
6191,Price 
6192,Price 
6193,Price 
6194,Price 
6195,Prideaux
6196,Prideaux
6197,Priestley
6198,Priestman
6199,Primrose
6200,Pringe
6201,Printchard
6202,Pritchett
6203,Probert
6204,Probyn
6205,Procter
6206,Pryce
6207,Prayce
6208,Pruor
6209,Pryse
6210,Psiicha
6211,Puckle
6212,Pugh
6213,Puller
6214,Punchard
6215,Purcell
6216,Pybus
6217,Quick
6218,Quilter
6219,Quilter
6220,Quinlan
6221,Redeliffe
6222,Radelife
6223,Rae
6224,Rae
6225,Raikes
6226,Raikes
6227,Railton
6228,Ralli
6229,Ramssay
6230,Ramsay
6231,Ramsay-L'Amy
6232,Ramsden
6233,Rarnsey
6234,Rance
6235,Ranelagh
6236,Ranford 
6237,Ransom
6238,Ransom
6239,Raphel
6240,Ratcliff
6241,Ratcliff
6242,Rateclif 
6243,Rate
6244,Rathbone
6245,Rawlins
6246,Rawlins
6247,Rawlins
6248,Rawlinson
6249,Rawlinson
6250,Ramnsley
6251,Rawson
6252,Rawson
6253,Rawson
6254,Raybould
6255,Raycroft
6256,Rayney
6257,Raymner
6258,Read
6259,Read
6260,Reading
6261,Reddish
6262,Redfearn
6263,Redman
6264,Reed
6265,Reed
6266,Rees
6267,Rees
6268,Reeves
6269,Reid
6270,Reid
6271,Reid 
6272,Reid
6273,Reid
6274,Reid
6275,Reid
6276,Renals
6277,Rennie
6278,Rennie
6279,Renny
6280,Renshaw
6281,Reington
6282,Repton
6283,Reuter
6284,Reuter
6285,Reynolds
6286,Reynolds
6287,Reynolds
6288,Reynolds
6289,Reynolds
6290,Reynolds
6291,Rhodes
6292,Rhodes
6293,Riall
6294,Ricardo
6295,Rich
6296,Richrads
6297,Richards
6298,Richards
6299,Richardson
6300,Richardson
6301,Richardson
6302,Richardson
6303,Richardson
6304,Richadson
6305,Richadson
6306,Richadson
6307,Richadson
6308,Richadson
6309,Richadson
6310,Richadson
6311,Richadson
6312,Richadson
6313,Rickards
6314,Ricketts
6315,Riddell
6316,Riddell
6317,Ridgway
6318,Ridgway
6319,Ridgway
6320,Ridgway
6321,Ridsdale
6322,Rigby 
6323,Rigby 
6324,Rigny
6325,Rigg
6326,Riley 
6327,Ringrose
6328,Rintoul
6329,Ripley 
6330,Ritchie
6331,Ritson
6333,Rivaz
6334,Rivaz
6335,Rivers
6336,Rivington
6337,Robartes
6338,Robartes
6339,Roberts
6340,Roberts
6341,Roberts
6342,Roberts
6343,Roberts
6344,Roberts
6345,Roberts
6346,Roberts
6347,Robertson 
6348,Robertson 
6349,Robertson 
6350,Robertson 
6352,Robertson 
6353,Robertson 
6354,Robertson 
6355,Robertson 
6356,Robertson 
6357,Robertson 
6358,Robins
6359,Robinson
6360,Robinson
6362,Robinson
6363,Robinson
6364,Robinson
6365,Robinson
6366,Robinson
6367,Robinson
6368,Robinson
6369,Robinson
6370,Robinson
6371,Robinson
6372,Robeson
6373,Robeson
6374,Robson
6375,Robson
6376,Rock
6377,Rockett
6378,Rodewald
6379,Rodewald
6380,Rodger
6381,Rodger
6382,Rodger
6383,Rodocanachi
6384,Rodocanachi
6385,Roe
6386,Rogers
6387,Rogers
6388,Rogers
6389,Rogers
6390,Rogers
6391,Rogers
6392,Rolfe
6393,Rollason
6394,Romanes
6395,Romanes
6396,Romenes
6397,Rome
6398,Rome
6399,Ronald
6400,Ronaldson
6401,Rooke
6402,Rooney
6403,Rooper
6404,Roots
6405,Roper 
6406,Rose
6407,Rose
6408,Rose
6409,Rose
6410,Rose
6411,Rose
6412,Rose
6413,Rose
6414,Rose
6415,Rossebery
6416,Ross
6417,Ross
6418,Ross
6421,Ross
6422,Rodron
6423,Rothery
6424,Rothachild
6425,Rothachild
6426,Rothwell
6427,Rothwell
6428,Rothwell
6429,Rough
6430,Round
6431,Roupell
6432,Rouquatte
6434,Routh
6437,Roweliffe
6438,Rowntree
6439,Roxburghe
6440,Royle
6441,Ruck
6442,Rucker
6443,Bugge-Price
6444,Rumments
6446,Rushton
6447,Rusell
6448,Rusell
6449,Rusell
6450,Rusell
6452,Rusell
6453,Rusell
6455,Rusell
6456,Rusell
6457,Rusell
6458,Rusell
6459,Rutherford
6460,Rutherford
6461,Rutter
6462,Ruxton
6463,Ryan
6464,Rycroft
6465,Ryder
6466,Rye
6467,Ryland
6468,Ryland
6469,Ryland
6470,Ryley
6471,Ryrie
6473,Sage
6474,St John
6475,Salisnury
6476,Salles
6477,Salmon
6478,Salmon
6479,Salmon
6480,Salmon
6481,Salt
6482,Salt
6483,Saltmarshe
6484,Salwell
6485,Salvago
6486,Samuda
6487,Samules
6488,Sandars
6489,Sandeman
6490,Sandeman
6491,Sandeman
6492,Sandeman
6493,Sanderson
6494,Sanderson
6495,Sanderson
6496,Sanderson
6497,Sandford
6498,Sanford
6499,Sanford
6500,Sangster
6501,Sangster
6502,Sankey
6504,Sartoris
6505,Saul
6506,Saunders
6507,Saunders
6508,Saunders
6509,Saunderson
6510,Savage
6511,Savile
6513,Sawer
6514,Scalzounis
6515,Scarth
6516,Schaw
6517,Scheibler
6518,Schiff
6519,Schilzzi
6520,Schillzzi
6521,Schillzi
6522,Scholefield
6523,Scholefield
6524,Schott
6525,Schroeder
6526,Schroder
6527,Schultz
6528,Schuster
6529,Schwaben
6530,Schwind
6531,Sclater Booth
6532,Scoble
6533,Scott
6534,Scott
6535,Scott
6536,Scott
6537,Scott
6538,Scott
6539,Scott
6540,Scott
6541,Scott
6542,Scott
6543,Scott
6544,Scott
6545,Scott
6546,Scott
6547,Scott-Moncriff
6550,Scrimgeour
6551,Scudamore
6552,Sebag
6553,Sechiari
6554,Segar
6555,Segelcke
6556,Seligman
6557,Sellar
6558,Sellar
6559,Sellar
6560,Selwyn
6561,Senhouse
6562,Senior
6563,Serocold
6564,Sewell
6565,Seymour
6566,Seymour
6567,Shen
6568,Shallcross
6569,Shand
6570,Shand
6571,Sharkey
6572,Sharp 
6573,Sharp 
6574,Sharp 
6575,Sharp
6576,Sharpe
6577,Sharpless
6578,Shaw
6579,Shaw
6580,Shaw
6581,Shaw
6582,Shaw
6583,Shaw
6584,Shaw
6585,Sheard
6586,Sherrer
6587,Shelmerdine
6588,Shephered
6589,Sheraton
6590,Sherriff
6591,Sherriff
6592,Sheward
6593,Shipton
6594,Shirley
6595,Short 
6596,Shortind
6597,Shrubsole
6598,Shrubsole
6599,Shuter
6600,Shuttleworh 
6601,SideBottom
6602,Siemeans
6603,Sillar
6604,Sillem
6605,Silver
6606,Silverlock
6607,Silverster
6608,Sim
6609,Sim
6610,Simmons
6611,Simmons
6612,Simpson
6613,Simpson
6614,Simpson
6615,Simpson
6616,Simpson
6617,Simpson
6618,Simpson
6619,Simpson
6620,Simpson
6621,Simpson
6622,Simson
6623,Wheatley
6624,Wheeler
6625,Wheeler
6626,Wheeler
6627,Whelan
6628,Whetham
6630,Whish
6631,Whitaker
6632,Whitaker
6634,White
6635,White
6636,White
6637,White
6638,White
6639,White
6640,White
6641,White
6642,White
6643,White
6644,White
6645,White
6646,White
6647,White
6648,White
6649,White
6650,White
6651,Whiteford
6652,Whitehead
6654,Whitehead
6655,Whitehouse
6656,Whiteley
6657,Whiteman
6658,Whitefield
6659,Whiting
6660,Whiting
6661,Whiting
6662,Whittall
6663,Whittall
6664,Whittingstall
6666,Whitwell
6667,Whiteworth
6668,Whiteworth
6670,Whyte
6671,Wickham
6672,Wiese
6673,Wigan
6674,Wigan
6675,Wigfleld
6676,Wigg
6677,Wiggin
6678,Wiggin
6679,Wigham
6680,Wightwick
6681,Wigram
6682,Wigram
6683,Wigram
6684,Wigram
6685,Wilberforce
6686,Wilbraham
6687,Wild
6688,Wildash
6689,Wilde
6690,Wilde
6691,Wilder
6692,Wilding
6693,Wiley
6694,Willis
6695,Willows
6696,Wills
6697,Wills
6698,Wills
6699,Willyams
6700,Wilmot
6702,Wilson
6703,Wilson
6704,Wilson
6705,Wilson
6706,Wilson
6707,Wilson
6708,Wilson
6709,Wilson
6711,Wilson
6712,Wilson
6713,Wilson
6716,Wilson
6717,Wilson
6718,Wilson
6720,Wilson
6721,Wilson
6722,Wilson
6723,Wilson
6724,Wilson
6725,Wilson
6726,Wilson
6727,Winch
6728,Winder
6729,Winder
6730,Windsor
6731,Winn
6732,Winter
6733,Winton
6734,Wirgman
6736,Withers
6737,Wolferstan
6738,Wolff
6739,Wolstenholme
6741,Wolston
6742,Wombwell
6743,Wood
6744,Wood
6745,Wood
6746,Wood
6747,Wood
6748,Wood
6749,Wood
6750,Wood
6751,Wood
6752,Wood
6753,Wood
6754,Wood
6755,Wood
6756,Wood
6757,Wood
6758,Wood
6759,Wood
6760,Wood
6761,Wood
6762,Wood
6763,Wood
6764,Woodall
6765,Woodall
6766,Woodall
6767,Woodcock
6768,Woodd
6769,Woodhouse
6770,Woodhouse
6771,Woodhouse
6772,Woodwiss
6773,Woodlock
6774,Woodroffe
6775,Woodroffe
6777,Woods
6780,Wolley
6781,Wooley
6782,Woolston
6783,Wootton-Isaacson
6784,Worms
6785,Worthington
6786,Wortley
6787,Wragg
6788,Wray
6789,Wright
6790,Wright
6792,Wright
6793,Wright
6794,Wright
6795,Wright
6796,Wright
6797,Wright
6799,Wright
6800,Wright
6802,Wyatt
6803,Wyatt
6804,Wyatt
6805,Wyatt
6806,Wyatt
6807,Wykes
6808,Wyld
6809,Wyld
6810,Wyley
6811,Wyley
6812,Wylie
6813,Wynn
6814,Wynn
6815,Wynne
6816,Wynne
6817,Wyse
6818,Wythes
6819,Wyvill
6820,Yarmouth
6821,Yatman
6822,Yeaman
6823,Yeatman
6824,Yeo
6826,Yolland
6827,York
6828,Yorke
6829,Youell
6830,Youl
6831,Youle
6832,Young
6833,Young
6834,Young
6835,Young
6836,Young
6837,Young
6838,Young
6839,Young
6840,Young
6841,Young
6842,Young
6843,Young
6844,Young
6845,Young 
6846,Young
6847,Younger
6848,Zarifi
6849,Zervudachi
6850,Zimmermann
6851,Webb
6852,Webb
6853,Webb
6854,Webberley
6855,Webster
6856,Webster
6857,Webster
6858,Webster
6860,Webster
6861,Webster
6862,Webster
6863,Wedd
6864,Wedgwood
6865,Weguelin
6866,Weguelin
6867,Weir
6868,Weir
6870,Welch
6871,Weller
6873,Wells
6874,Wells
6875,Welman
6876,Welwood
6878,West
6882,Western
6883,Westhorp
6884,Westlake
6885,Westley
6886,Weston
6887,Wethered
6888,Wharncliffe
6890,Whatman
6891,Whatman
6921,Thompson
6922,Thompson
6923,Thomas
6924,Thomsett
6925,Thomson
6926,Thomson
6927,Thomson
6928,Thomson
6929,Thomson
6930,Thomson
6931,Thomson
6932,Thomson
6933,Thomson
6934,Thomson
6935,Thomson
6936,Thomson
6937,Thomson
6938,Thomson
6939,Thomson
6940,Thomson
6941,Thornley
6943,Thorns
6944,Thornthwaite
6946,Thornton
6947,Thornton
6948,Thornton
6949,Thornton
6950,Thorold
6951,Thorp
6952,Thorp
6953,Thorpe
6954,Thorpe
6955,Thring
6956,Thurburn
6957,Thurburn
6958,Thurburn
6959,Thurlow
6960,Thurn
6962,Tindal
6963,Tinn
6964,Tinne
6965,Tinsley
6966,Tippetts
6967,Tipping
6968,Tippinge
6969,Tobin
6970,Tod
6971,Tod
6972,Tod
6973,Todd
6974,Todd
6975,Todd
6976,Todhunter
6977,Tolputt
6978,Tomkinson
6980,Tomlinson
6981,Tomlinson
6982,Tomlinson
6983,Tomlinson
6984,Tompson
6985,Tompson
6986,Tonge
6987,Tonge
6988,Tonge
6989,Toogood
6990,Tooke
6991,Toovey
6992,Toozes
6993,Topley
6994,Toppings
6995,Torkington
6996,Torr
6997,Torrens
6998,Tothill
6999,Tottenham
7000,Tottenham
7001,Tower
7002,Townsend
7003,Townsend
7005,Townshend
7006,Townshend
7007,Towse
7008,Traill
7009,Traill
7010,Travers
7011,Trayner
7013,Treffry
7014,Tregellas
7015,Trego
7016,Trehern
7017,Tremenheere
7018,Trench
7019,Trevelyan
7020,Trewby
7021,Tribe
7022,Tripe
7023,Tritton
7024,Tritton
7025,Tritton
7026,Trotman
7027,Trotman
7028,Trotter
7029,Trotter
7030,Troughton
7031,Trower
7032,Truninger
7034,Tuck
7035,Tucker
7036,Tucker
7037,Tucker
7038,Tucker
7039,Tufnell
7040,Tufnell
7041,Tufnell
7042,Tufton
7043,Tuke
7044,Turnball
7046,Turnball
7047,Turnball
7048,Turnbull
7049,Turner
7050,Turner
7051,Turner
7052,Turner
7053,Turner
7054,Turner
7055,Turner
7056,Turner
7057,Turner
7058,Turner
7059,Turner
7060,Turner 
7061,Turner
7062,Turton
7063,Tweeddale
7064,Tweedy
7065,Tweedy
7066,Tweedy
7067,Twells
7068,Twining
7069,Twining
7070,Twyford
7071,Tyas
7072,Tylee
7073,Tyler
7074,Tyler
7075,Tyler
7076,Tyler
7077,Tyrrell
7078,Tyrrell
7079,Tyson
7080,Tytler
7081,Tytler
7082,Uhthoff
7083,Uhthoff
7085,Underdown
7086,Underdown
7087,Underhill
7088,Underhill
7089,Underhill
7090,Underhill
7091,Ure
7093,Usher
7094,Usher
7095,Vacher
7096,Vaile
7097,Vaizey
7098,Vale
7099,Valentine
7100,Valentine
7101,Valentine
7102,Valieri
7103,Vallack
7104,Vance
7105,Vane
7106,Vanner
7107,Vanner
7108,Varey
7109,Varvill
7110,Vaughan
7112,Vaughan
7113,Vaughan
7114,Venables
7115,Venning
7116,Verdon
7117,Verner
7119,Vernon
7120,Vernon
7121,Verrall
7122,Vialls
7123,Vicary
7124,Viccars
7125,Vickerman
7126,Vickers
7127,Vickers
7128,Vickers
7129,Vigne
7130,Vignoless
7131,Villiers
7132,Villiers
7133,Villiers
7134,Vincent
7135,Vint
7136,Voase
7137,Vogel
7138,Voules
7139,Waddell
7140,Waddingham
7141,Waddy
7142,Wade
7143,Wade
7144,WedsWorth
7146,Wainwright
7148,Wake
7149,Wakefield
7151,Wakeford
7152,Walcott
7153,Waldie
7154,Walker
7155,Walker
7156,Walker
7158,Walker
7159,Walker
7160,Walker
7161,Walker
7162,Walker
7163,Walker
7164,Walker
7165,Walker
7166,Walker
7167,Walker
7168,Walker
7169,Walker
7170,Walker
7171,Walker
7172,Walker
7174,Walker
7175,Walker
7176,Walker
7177,Walker
7179,Walker
7180,Walker
7181,Walker
7182,Walker
7183,Walker
7185,Walkinshaw
7186,Wall
7187,Wall
7188,Wallace
7189,Wallace
7190,Waller
7191,Waller
7192,Wallis
7193,Wallis
7194,Wallroth
7195,Walls
7196,Walmisley
7197,Walpole
7198,Walter
7199,Walters
7200,Walters
7201,Walton
7202,Walton
7203,Walton
7204,Warburg
7205,Ward
7206,Ward
7207,Ward
7208,Ward
7209,Ward
7210,Ward
7211,Ward
7212,Ward
7213,Ward
7214,Ward
7215,Ward
7216,Warde
7217,Warden
7218,Ware
7219,Ware
7220,Waring
7221,Waring
7222,Waring
7223,Waring
7224,Wark
7225,Warner
7227,Warren
7228,Warren
7229,Warren
7230,Warren
7231,Warren
7232,Warrender
7233,Warrener
7234,Warrington
7235,Warrington
7236,Warry
7237,Warter
7238,Wasbrough
7239,Waterfall
7240,Waterfield
7241,Waterhouse
7242,Waterlow
7243,Waterlow
7244,Waterlow
7245,Waterlow
7247,Waterston
7248,Watkin
7249,Watkin
7250,Watkins
7251,Watkinson
7252,Watson
7253,Watson
7254,Watson
7255,Watson
7256,Watson
7257,Watson
7258,Watson
7259,Watson
7260,Watson
7261,Watson
7262,Watson
7263,Watson
7264,Watson
7265,Watson
7266,Watson 
7267,Watson 
7268,Watt
7269,Watt
7270,Wattenbach
7271,Watton
7272,Watts
7273,Watts
7274,Watts
7275,Watts
7276,Watts
7277,Wauchope
7278,Waugh
7279,Wavell
7280,Weatherly
7281,Weaver
7282,Weaver
7283,Weaver
7285,Webb
7287,Sinclair
7288,Sington
7289,Sisson
7290,Skene
7291,Skillbeek
7293,Skinner
7294,Skipper
7295,Skipwith
7296,Skirving
7297,Slade
7298,Slade
7299,Slater
7300,Slater
7301,Slater
7302,Slater
7303,Slattery
7304,Slee
7305,Slous
7307,Small
7308,Small
7309,Smallman
7310,Smee
7311,Smith
7312,Smith
7313,Smith
7314,Smith
7315,Smith
7316,Smith
7317,Smith
7318,Smith
7319,Smith
7320,Smith
7321,Smith
7322,Smith
7323,Smith
7324,Smith
7325,Smith
7326,Smith
7327,Smith
7328,Smith
7329,Smith
7330,Smith
7331,Smith
7332,Smith
7333,Smith
7334,Smith
7335,Smith
7336,Smith
7337,Smith
7338,Smith
7339,Smith
7340,Smith
7341,Smith
7343,Smith
7344,Smith
7345,Smith
7346,Smith
7347,Smith
7348,Smith
7349,Smith
7350,Smith
7351,Smith
7352,Smith
7353,Smith
7354,Smith
7355,Smith
7356,Smith
7357,Smith
7358,Smith
7359,Smith
7360,Smith
7361,Smith
7362,Smith
7363,Smith
7364,Smith
7365,Smith
7366,Smith
7367,Smith
7368,Smith
7370,Smith
7371,Smith
7372,Smith
7373,Spens
7374,Sperling
7375,Spicer
7376,Spittall
7377,Splatt
7379,Spowart
7380,Springmann
7381,Sproston
7382,Spurgeon
7383,Squire
7384,Stafford
7385,Staines
7386,Stair
7387,Stallard
7388,Stallard
7389,Stanesby
7391,Stanhope
7392,Stanier
7393,Stainforth
7394,Stainforth
7395,Staniland
7396,Staniland
7397,Stanley
7398,Stanley
7399,Stansfeld
7400,Stanton
7402,Staples
7403,Staples
7404,Starbuck
7405,Stark
7406,Statter
7408,Steane
7409,Stebbing
7411,Steel
7412,Steel
7413,Stent
7414,Steel
7415,Steele
7416,Steinthal
7417,Stephan
7418,Stephan
7419,Stephens
7420,Stephens
7421,Stephenson
7422,Stephenson
7423,Stephenson
7424,Stephenson
7425,Stephenson
7426,Stephenson
7427,Stern
7428,Stern
7429,Stern
7430,Steven
7431,Stevenson
7432,Stevenson
7433,Stevenson
7434,Stevenson
7435,Steward
7436,Stewart
7437,Stewart
7438,Stewart
7439,Stewart
7440,Stewart
7441,Stewart
7442,Stewart
7443,Stewart
7444,Stewart
7445,Stewart
7446,Stewart
7447,Stewart
7448,Stewart
7449,Stewart
7450,Stewart
7451,Stewart
7452,Stewart
7453,Stewart
7454,Stewart
7455,Stibbard
7456,Stimpson
7457,Stirling
7458,Stirling
7459,Stirling
7460,Stirling
7461,Stoate
7462,Stobart
7463,Stock
7464,Stockdale
7465,Stocker
7466,Stockwell
7467,Stoddart
7468,Stoddart
7469,Stokes 
7470,Stokes 
7471,Stokes 
7472,Stokes 
7473,Stolterfoht
7474,Stone
7475,Stone
7476,Stone
7477,Stone
7478,Stone
7479,Stone
7480,Stone 
7481,Stone 
7482,Stone 
7483,Stoneham
7484,Stopford
7485,Storey
7486,Storey
7487,Stothert
7488,Stracey
7489,Strachan
7490,Strang
7491,Strathmore and Kinghorne
7492,Stratton
7493,Stratton
7494,Strawbridge
7496,Sweeting
7497,Sweetman
7498,Swift
7499,Swinburn
7500,Swinburne
7501,Swinburne
7502,Swingler
7503,Swinton
7504,Swinton
7505,Swire
7506,Sykes
7507,Sykes
7508,Sykes
7509,Sykes
7510,Syme
7511,Synnott
7513,Tait
7514,Tait
7515,Talbot
7516,Talbot
7517,Talbot
7518,Talbot
7519,Talbot
7520,Talbot
7521,Talbot
7522,Tamplin
7523,Tancred
7524,Tankerd
7525,Tapson
7526,Tarpay
7527,Tassell
7528,Tate
7529,Tatham
7530,Tatham
7531,Tatham
7532,Taubman
7533,Tawse
7534,Tawse
7535,Tayler
7536,Tayler
7537,Tayler
7538,Taylor
7539,Taylor
7540,Taylor
7541,Taylor
7542,Taylor
7543,Taylor
7544,Taylor
7545,Taylor
7546,Taylor
7547,Taylor
7548,Taylor
7549,Taylor
7550,Taylor
7551,Taylor
7552,Taylor
7553,Taylor
7554,Taylor
7555,Taylor
7556,Taylor
7557,Taylor
7558,Taylor 
7559,Taylor 
7560,Teague
7561,Teale
7562,Teasdale
7563,Tebb
7564,Temple
7565,Templeton
7566,Templetown
7567,Tench
7568,Tendron
7569,Tennant
7570,Tennant
7571,Tennant
7572,Tennant
7573,Tennant
7574,Terrell
7575,Terry
7576,Terry